"","analytics","apache","big","big data","clients","cloud","core","core java","data","enterprise","epam","git","gmail","hadoop","hbase","hdfs","hibernate","hive","hive pig","html","implemented","integrated","j2ee","java","java j2ee","jax","jboss","jdbc","jdbc jsp","jdbc jsp servlet","jsp","jsp servlet","map","map reduce","mapreduce","mysql","na","na na","nosql","oozie","open","oracle","personal","pig","platform","portal","python","reduce","services","servlet","spring","sql","sqoop","struts","struts hibernate","svn","tools","web","xml"
"1",0.0129416844296343,0.0169495052954795,0.0123603994166387,0.0123603994166387,0.0226032866264115,0.0176119893407045,0.0199200219392528,0.0199200219392528,0,0.0164818694988501,0.0220588235294118,0.0235791745569487,0.015,0,0.0188666728843397,0.00692539796277416,0.0148706896551724,0.00692539796277416,0.0204710591133005,0.0192737866281084,0.0120770229728034,0.0169540229885057,0.0148706896551724,0.00679253928833113,0.009375,0,0.009375,0.009375,0.009375,0.009375,0.009375,0.009375,0.0183877257799672,0.0183877257799672,0.0123603994166387,0.0115822041054909,0,0,0.0204710591133005,0.0181547619047619,0.0199966193373901,0.0159998247561061,0.01625,0.00633925675199608,0.0177532543209363,0.0148706896551724,0.0186206896551724,0.0174540230820217,0.0111869302966539,0.009375,0.0148706896551724,0.0176436781609195,0.0202627257799672,0.009375,0.009375,0.009375,0.0111869302966539,0.0111869302966539,0.009375
